Workbook

Sheet Clean Data
A1: Account ID | B1: Account Type | C1: Regular | D1: Sugar Free | E1: Yellow Edition | F1: Cooler | G1: Digital Screen | H1: Menu Inclusion | I1: Posters | J1: 2017 Sales | K1: 2018 Sales | L1: 2019 Sales | M1: 2020 Sales | N1: 2021 Sales | O1: CAGR (2017–2021) | P1: Total Sales
A2: Bar 13 | B2: Bar | C2: Yes | D2: Yes | E2: Yes | F2: Yes | G2: Yes | H2: Yes | I2: Yes | J2: 24 | K2: 1797 | L2: 3548 | M2: 3668 | N2: 8592 | O2: =IFERROR((N2/J2)^(1/4)-1,"") -> 3.3498147 | P2: =SUM(J2:N2) -> 17629
A3: Bar 14 | B3: Bar | C3: Yes | D3: Yes | E3: Yes | F3: Yes | G3: Yes | H3: Yes | I3: Yes | J3: 861 | K3: 1314 | L3: 1810 | M3: 6510 | N3: 9271 | O3: =IFERROR((N3/J3)^(1/4)-1,"") -> 0.8114688 | P3: =SUM(J3:N3) -> 19766
A4: Bar 4 | B4: Bar | C4: Yes | D4: Yes | E4: Yes | F4: Yes | G4: Yes | H4: Yes | I4: Yes | J4: 906 | K4: 1251 | L4: 2897 | M4: 4499 | N4: 9428 | O4: =IFERROR((N4/J4)^(1/4)-1,"") -> 0.79606828 | P4: =SUM(J4:N4) -> 18981
A5: Bar 3 | B5: Bar | C5: Yes | D5: Yes | E5: Yes | F5: Yes | G5: Yes | H5: Yes | I5: Yes | J5: 1209 | K5: 1534 | L5: 1634 | M5: 4302 | N5: 9768 | O5: =IFERROR((N5/J5)^(1/4)-1,"") -> 0.68595057 | P5: =SUM(J5:N5) -> 18447
A6: Bar 8 | B6: Bar | C6: Yes | D6: Yes | E6: Yes | F6: Yes | G6: No | H6: Yes | I6: No | J6: 1581 | K6: 4799 | L6: 6582 | M6: 9024 | N6: 9759 | O6: =IFERROR((N6/J6)^(1/4)-1,"") -> 0.57622555 | P6: =SUM(J6:N6) -> 31745
A7: Bar 1 | B7: Bar | C7: Yes | D7: Yes | E7: Yes | F7: Yes | G7: Yes | H7: Yes | I7: Yes | J7: 1982 | K7: 5388 | L7: 7063 | M7: 7208 | N7: 9093 | O7: =IFERROR((N7/J7)^(1/4)-1,"") -> 0.46352749 | P7: =SUM(J7:N7) -> 30734
A8: Bar 5 | B8: Bar | C8: Yes | D8: Yes | E8: No | F8: Yes | G8: Yes | H8: Yes | I8: Yes | J8: 1421 | K8: 1893 | L8: 2722 | M8: 4410 | N8: 5873 | O8: =IFERROR((N8/J8)^(1/4)-1,"") -> 0.42582584 | P8: =SUM(J8:N8) -> 16319
A9: Bar 10 | B9: Bar | C9: Yes | D9: Yes | E9: No | F9: Yes | G9: No | H9: Yes | I9: No | J9: 1530 | K9: 1620 | L9: 2027 | M9: 4881 | N9: 6002 | O9: =IFERROR((N9/J9)^(1/4)-1,"") -> 0.40734683 | P9: =SUM(J9:N9) -> 16060
A10: Bar 6 | B10: Bar | C10: Yes | D10: Yes | E10: Yes | F10: No | G10: Yes | H10: Yes | I10: No | J10: 2341 | K10: 6105 | L10: 7777 | M10: 7891 | N10: 8758 | O10: =IFERROR((N10/J10)^(1/4)-1,"") -> 0.39075581 | P10: =SUM(J10:N10) -> 32872
A11: Bar 12 | B11: Bar | C11: Yes | D11: No | E11: No | F11: No | G11: No | H11: No | I11: No | J11: 1532 | K11: 2678 | L11: 4068 | M11: 4278 | N11: 5382 | O11: =IFERROR((N11/J11)^(1/4)-1,"") -> 0.36905606 | P11: =SUM(J11:N11) -> 17938
A12: Bar 2 | B12: Bar | C12: Yes | D12: Yes | E12: Yes | F12: No | G12: Yes | H12: Yes | I12: Yes | J12: 2786 | K12: 3804 | L12: 4121 | M12: 6210 | N12: 6909 | O12: =IFERROR((N12/J12)^(1/4)-1,"") -> 0.25489827 | P12: =SUM(J12:N12) -> 23830
A13: Bar 11 | B13: Bar | C13: Yes | D13: No | E13: No | F13: No | G13: No | H13: No | I13: No | J13: 7555 | K13: 6551 | L13: 5188 | M13: 3436 | N13: 2359 | O13: =IFERROR((N13/J13)^(1/4)-1,"") -> -0.25247905 | P13: =SUM(J13:N13) -> 25089
... A61: Restaurant 8 | B61: Restaurant | C61: Yes | D61: No | E61: No | F61: No | G61: Yes | H61: No | I61: No | J61: 8331 | K61: 7667 | L61: 5952 | M61: 1998 | N61: 375 | O61: =IFERROR((N61/J61)^(1/4)-1,"") -> -0.53938982 | P61: =SUM(J61:N61) -> 24323

Sheet Analysis
A1: Sales Performance Summary
A3: Account Type | B3: 2017 | C3: 2018 | D3: 2019 | E3: 2020 | F3: 2021 | G3: Total Sales | I3: Product / Promotion | J3: Accounts | L3: KPI | M3: Value
A4: Bar | B4: =SUMIF('Clean Data'!$B$2:$B$61,$A4,'Clean Data'!$J$2:$J$61) -> 51804 | C4: =SUMIF('Clean Data'!$B$2:$B$61,$A4,'Clean Data'!$K$2:$K$61) -> 60121 | D4: =SUMIF('Clean Data'!$B$2:$B$61,$A4,'Clean Data'!$L$2:$L$61) -> 60760 | E4: =SUMIF('Clean Data'!$B$2:$B$61,$A4,'Clean Data'!$M$2:$M$61) -> 75991 | F4: =SUMIF('Clean Data'!$B$2:$B$61,$A4,'Clean Data'!$N$2:$N$61) -> 94147 | G4: =SUM(B4:F4) -> 342823 | I4: Sugar Free | J4: =COUNTIF('Clean Data'!$D$2:$D$61,"Yes") -> 48 | L4: Accounts | M4: =COUNTA('Clean Data'!A2:A61) -> 60
A5: Club | B5: =SUMIF('Clean Data'!$B$2:$B$61,$A5,'Clean Data'!$J$2:$J$61) -> 47259 | C5: =SUMIF('Clean Data'!$B$2:$B$61,$A5,'Clean Data'!$K$2:$K$61) -> 67275 | D5: =SUMIF('Clean Data'!$B$2:$B$61,$A5,'Clean Data'!$L$2:$L$61) -> 79646 | E5: =SUMIF('Clean Data'!$B$2:$B$61,$A5,'Clean Data'!$M$2:$M$61) -> 102065 | F5: =SUMIF('Clean Data'!$B$2:$B$61,$A5,'Clean Data'!$N$2:$N$61) -> 112270 | G5: =SUM(B5:F5) -> 408515 | I5: Yellow Edition | J5: =COUNTIF('Clean Data'!$E$2:$E$61,"Yes") -> 30 | L5: 5-Year Sales | M5: =SUM('Clean Data'!P2:P61) -> 1480848
A6: Hotel | B6: =SUMIF('Clean Data'!$B$2:$B$61,$A6,'Clean Data'!$J$2:$J$61) -> 44888 | C6: =SUMIF('Clean Data'!$B$2:$B$61,$A6,'Clean Data'!$K$2:$K$61) -> 50567 | D6: =SUMIF('Clean Data'!$B$2:$B$61,$A6,'Clean Data'!$L$2:$L$61) -> 70312 | E6: =SUMIF('Clean Data'!$B$2:$B$61,$A6,'Clean Data'!$M$2:$M$61) -> 82583 | F6: =SUMIF('Clean Data'!$B$2:$B$61,$A6,'Clean Data'!$N$2:$N$61) -> 100592 | G6: =SUM(B6:F6) -> 348942 | I6: Cooler | J6: =COUNTIF('Clean Data'!$F$2:$F$61,"Yes") -> 26 | L6: 2021 Sales | M6: =SUM('Clean Data'!N2:N61) -> 409194
A7: Restaurant | B7: =SUMIF('Clean Data'!$B$2:$B$61,$A7,'Clean Data'!$J$2:$J$61) -> 46025 | C7: =SUMIF('Clean Data'!$B$2:$B$61,$A7,'Clean Data'!$K$2:$K$61) -> 65032 | D7: =SUMIF('Clean Data'!$B$2:$B$61,$A7,'Clean Data'!$L$2:$L$61) -> 77731 | E7: =SUMIF('Clean Data'!$B$2:$B$61,$A7,'Clean Data'!$M$2:$M$61) -> 89595 | F7: =SUMIF('Clean Data'!$B$2:$B$61,$A7,'Clean Data'!$N$2:$N$61) -> 102185 | G7: =SUM(B7:F7) -> 380568 | I7: Digital Screen | J7: =COUNTIF('Clean Data'!$G$2:$G$61,"Yes") -> 20 | L7: Highest-Sales Segment | M7: =INDEX(A4:A7,MATCH(MAX(G4:G7),G4:G7,0)) -> Club
A8: Grand Total | B8: =SUM(B4:B7) -> 189976 | C8: =SUM(C4:C7) -> 242995 | D8: =SUM(D4:D7) -> 288449 | E8: =SUM(E4:E7) -> 350234 | F8: =SUM(F4:F7) -> 409194 | G8: =SUM(G4:G7) -> 1480848 | I8: Menu Inclusion | J8: =COUNTIF('Clean Data'!$H$2:$H$61,"Yes") -> 42
I9: Posters | J9: =COUNTIF('Clean Data'!$I$2:$I$61,"Yes") -> 17

Sheet Dashboard
A1: Sales Performance & Promotion Dashboard
A4: ="Total Sales"&CHAR(10)&TEXT(Analysis!M5,"#,##0") -> Total Sales 1,480,848 | E4: ="2021 Sales"&CHAR(10)&TEXT(Analysis!M6,"#,##0") -> 2021 Sales 409,194 | I4: ="Top Segment"&CHAR(10)&Analysis!M7 -> Top Segment Club
G25: Portfolio Highlights
G26: • 60 accounts across four hospitality segments • Total sales (2017–2021): 1,480,848 cases • Clubs recorded the highest five-year sales: 408,515 cases • 2021 total sales reached 409,194 cases • Menu inclusion had the widest promotion coverage: 42 accounts • Sugar Free was available in 48 accounts; Yellow Edition in 30

Sheet Project Notes
A1: Project Notes
A3: Purpose | B3: Portfolio version of the original hypothetical account sales dataset.
A4: Privacy | B4: Names, addresses, decision-maker names and phone numbers were removed because they are not needed to demonstrate the analysis.
A5: Dataset | B5: 60 hospitality accounts across Bars, Clubs, Hotels and Restaurants; annual sales from 2017 to 2021.
A6: Analysis | B6: Sales trends, segment performance, product availability, promotional programme coverage, total sales and CAGR.
A7: CAGR correction | B7: CAGR is calculated across four annual intervals from 2017 to 2021: (2021 Sales / 2017 Sales)^(1/4) - 1.
A8: Tools | B8: Microsoft Excel; original project also used Power Query.
A9: Portfolio workflow | B9: Raw Data → Clean Data → Analysis → Dashboard
A10: Raw Data | B10: An anonymised copy of the source structure is included to show the starting point.
A11: Cleaning Log | B11: Documents the transformations used to prepare the analysis-ready data.
A12: Clean Data | B12: Contains only fields used for analysis plus calculated Total Sales and CAGR.
A13: Original file | B13: The original uploaded workbook remains unchanged.

Sheet Raw Data
A1: Sales Account Dataset
A2: This sheet preserves the source-data structure for portfolio demonstration. Personal contact details have been anonymised for public sharing; no analytical calculations have been added.
A4: Account Name 2 | B4: Account Address | C4: Decision Maker | D4: Phone Number | E4: Account Type | F4: Regular | G4: Sugar Free | H4: Yellow Edition | I4: Cooler? | J4: Digital screen? | K4: Menu inclusion? | L4: Posters? | M4: 2017 | N4: 2018 | O4: 2019 | P4: 2020 | Q4: 2021
A5: Bar 13 | B5: Address removed 01 | C5: Contact 01 | D5: Phone removed | E5: Bar | F5: Yes | G5: Yes | H5: Yes | I5: Yes | J5: Yes | K5: Yes | L5: Yes | M5: 24 | N5: 1797 | O5: 3548 | P5: 3668 | Q5: 8592
A6: Bar 14 | B6: Address removed 02 | C6: Contact 02 | D6: Phone removed | E6: Bar | F6: Yes | G6: Yes | H6: Yes | I6: Yes | J6: Yes | K6: Yes | L6: Yes | M6: 861 | N6: 1314 | O6: 1810 | P6: 6510 | Q6: 9271
A7: Bar 4 | B7: Address removed 03 | C7: Contact 03 | D7: Phone removed | E7: Bar | F7: Yes | G7: Yes | H7: Yes | I7: Yes | J7: Yes | K7: Yes | L7: Yes | M7: 906 | N7: 1251 | O7: 2897 | P7: 4499 | Q7: 9428
A8: Bar 3 | B8: Address removed 04 | C8: Contact 04 | D8: Phone removed | E8: Bar | F8: Yes | G8: Yes | H8: Yes | I8: Yes | J8: Yes | K8: Yes | L8: Yes | M8: 1209 | N8: 1534 | O8: 1634 | P8: 4302 | Q8: 9768
A9: Bar 8 | B9: Address removed 05 | C9: Contact 05 | D9: Phone removed | E9: Bar | F9: Yes | G9: Yes | H9: Yes | I9: Yes | J9: No | K9: Yes | L9: No | M9: 1581 | N9: 4799 | O9: 6582 | P9: 9024 | Q9: 9759
A10: Bar 1 | B10: Address removed 06 | C10: Contact 06 | D10: Phone removed | E10: Bar | F10: Yes | G10: Yes | H10: Yes | I10: Yes | J10: Yes | K10: Yes | L10: Yes | M10: 1982 | N10: 5388 | O10: 7063 | P10: 7208 | Q10: 9093
A11: Bar 5 | B11: Address removed 07 | C11: Contact 07 | D11: Phone removed | E11: Bar | F11: Yes | G11: Yes | H11: No | I11: Yes | J11: Yes | K11: Yes | L11: Yes | M11: 1421 | N11: 1893 | O11: 2722 | P11: 4410 | Q11: 5873
A12: Bar 10 | B12: Address removed 08 | C12: Contact 08 | D12: Phone removed | E12: Bar | F12: Yes | G12: Yes | H12: No | I12: Yes | J12: No | K12: Yes | L12: No | M12: 1530 | N12: 1620 | O12: 2027 | P12: 4881 | Q12: 6002
A13: Bar 6 | B13: Address removed 09 | C13: Contact 09 | D13: Phone removed | E13: Bar | F13: Yes | G13: Yes | H13: Yes | I13: No | J13: Yes | K13: Yes | L13: No | M13: 2341 | N13: 6105 | O13: 7777 | P13: 7891 | Q13: 8758
A14: Bar 12 | B14: Address removed 10 | C14: Contact 10 | D14: Phone removed | E14: Bar | F14: Yes | G14: No | H14: No | I14: No | J14: No | K14: No | L14: No | M14: 1532 | N14: 2678 | O14: 4068 | P14: 4278 | Q14: 5382
A15: Bar 2 | B15: Address removed 11 | C15: Contact 11 | D15: Phone removed | E15: Bar | F15: Yes | G15: Yes | H15: Yes | I15: No | J15: Yes | K15: Yes | L15: Yes | M15: 2786 | N15: 3804 | O15: 4121 | P15: 6210 | Q15: 6909
... A64: Restaurant 8 | B64: Address removed 60 | C64: Contact 60 | D64: Phone removed | E64: Restaurant | F64: Yes | G64: No | H64: No | I64: No | J64: Yes | K64: No | L64: No | M64: 8331 | N64: 7667 | O64: 5952 | P64: 1998 | Q64: 375

Sheet Cleaning Log
A1: Data Preparation Record
A2: This sheet explains the visible changes from the public raw data to the analysis-ready data.
A4: Step | B4: What changed | C4: Reason
A5: 1 | B5: Removed Account Address, Decision Maker and Phone Number from the analysis-ready table. | C5: These fields were not required for the sales analysis and were excluded from the public analytical dataset.
A6: 2 | B6: Retained account name/type, product availability, promotion indicators and annual sales for 2017–2021. | C6: These variables directly support the project questions.
A7: 3 | B7: Standardised the working table into one row per account with consistent analytical fields. | C7: This makes the dataset easier to filter, summarise and analyse.
A8: 4 | B8: Added Total Sales as a calculated field. | C8: To compare overall account performance across the five years.
A9: 5 | B9: Calculated CAGR using 2017 as the beginning value and 2021 as the ending value over four compounding intervals. | C9: To compare annualised growth across accounts consistently.
A10: 6 | B10: Built summary analysis by account type and promotion coverage. | C10: To compare segments and identify commercial patterns.
A11: 7 | B11: Created dashboard charts from the prepared analysis. | C11: To communicate the main findings visually.
